date,liquidityIndex
2019-05-07T01:25:31.000Z,20000000000000000000000000
2019-05-07T23:03:50.000Z,20000000902566100000000000
2019-05-08T20:58:43.000Z,20006606290810400000000000
2019-05-09T18:44:34.000Z,20008042834760700000000000
2019-05-10T16:22:20.000Z,20013652190153200000000000
2019-05-11T13:50:24.000Z,20013652190153200000000000
2019-05-12T11:11:55.000Z,20013652190153200000000000
2019-05-13T08:53:59.000Z,20013652190153200000000000
2019-05-14T06:19:20.000Z,20028484149809800000000000
2019-05-15T03:46:02.000Z,20030629276505100000000000
2019-05-16T01:13:44.000Z,20035539358144400000000000
2019-05-16T22:56:03.000Z,20036097586615700000000000
2019-05-17T20:28:31.000Z,20040628400121400000000000
2019-05-18T18:10:57.000Z,20040628400121400000000000
2019-05-19T15:50:43.000Z,20043840700997700000000000
2019-05-20T13:34:51.000Z,20043840700997700000000000
2019-05-21T11:17:19.000Z,20043840700997700000000000
2019-05-22T08:57:12.000Z,20078865094236900000000000
2019-05-23T06:37:57.000Z,20081013261230900000000000
2019-05-24T04:21:49.000Z,20083234674876200000000000
2019-05-25T01:53:14.000Z,20085025249084400000000000
2019-05-25T23:06:39.000Z,20087951187885400000000000
2019-05-26T20:42:47.000Z,20089665114308600000000000
2019-05-27T18:20:06.000Z,20091508421455000000000000
2019-05-28T16:06:56.000Z,20094169170759100000000000
2019-05-29T13:24:27.000Z,20096617796525200000000000
2019-05-30T10:57:33.000Z,20098825932637600000000000
2019-05-31T08:40:49.000Z,20101386140831800000000000
2019-06-01T06:12:17.000Z,20104454000474100000000000
2019-06-02T03:44:50.000Z,20108278457858200000000000
2019-06-03T01:29:11.000Z,20111840205768300000000000
2019-06-03T23:21:25.000Z,20114089722810100000000000
2019-06-04T20:59:05.000Z,20116818327186800000000000
2019-06-05T18:36:17.000Z,20118105584304200000000000
2019-06-06T15:54:05.000Z,20119581333144500000000000
2019-06-07T13:46:20.000Z,20121145535551800000000000
2019-06-08T11:28:30.000Z,20122677673358900000000000
2019-06-09T09:09:46.000Z,20124196474195400000000000
2019-06-10T06:37:07.000Z,20125801867170200000000000
2019-06-11T04:18:18.000Z,20128541510790700000000000
2019-06-12T02:05:44.000Z,20131747039823800000000000
2019-06-12T23:34:56.000Z,20135348126463800000000000
2019-06-13T21:10:36.000Z,20138855524449600000000000
2019-06-14T18:46:39.000Z,20142417721903100000000000
2019-06-15T16:27:53.000Z,20145840537033700000000000
2019-06-16T14:04:25.000Z,20149303870743300000000000
2019-06-17T11:44:28.000Z,20152782478378000000000000
2019-06-18T09:24:27.000Z,20156351668769900000000000
2019-06-19T06:56:06.000Z,20160468637394700000000000
2019-06-20T04:39:57.000Z,20163999166828400000000000
2019-06-21T02:23:03.000Z,20167717867191100000000000
2019-06-22T00:00:59.000Z,20171380432060400000000000
2019-06-22T21:20:52.000Z,20175368929892200000000000
2019-06-23T19:02:49.000Z,20179875649736500000000000
2019-06-24T16:27:05.000Z,20184063298989900000000000
2019-06-25T14:02:37.000Z,20188048641351100000000000
2019-06-26T11:25:56.000Z,20192289167717300000000000
2019-06-27T09:04:53.000Z,20196910816338900000000000
2019-06-28T06:52:46.000Z,20202602468287900000000000
2019-06-29T04:23:54.000Z,20207689627212800000000000
2019-06-30T01:51:33.000Z,20211467851985600000000000
2019-06-30T23:24:13.000Z,20215195049772100000000000
2019-07-01T20:53:52.000Z,20219285534944500000000000
2019-07-02T18:16:40.000Z,20223415122789900000000000
2019-07-03T16:08:45.000Z,20229410570188300000000000
2019-07-04T13:38:58.000Z,20235643052482800000000000
2019-07-05T10:59:34.000Z,20242048271450800000000000
2019-07-06T08:37:19.000Z,20246183023298200000000000
2019-07-07T06:07:04.000Z,20249656373948300000000000
2019-07-08T03:33:03.000Z,20253631263210500000000000
2019-07-09T00:55:21.000Z,20257191483620200000000000
2019-07-09T22:27:18.000Z,20261017064263500000000000
2019-07-10T19:59:52.000Z,20264927845158900000000000
2019-07-11T17:30:22.000Z,20269049111165200000000000
2019-07-12T15:11:52.000Z,20273410133752000000000000
2019-07-13T12:53:52.000Z,20277474657649500000000000
2019-07-14T10:00:32.000Z,20281548423509900000000000
2019-07-15T07:32:29.000Z,20285622265032600000000000
2019-07-16T05:17:46.000Z,20287684406737000000000000
2019-07-17T03:05:39.000Z,20289651277023200000000000
2019-07-18T00:45:39.000Z,20291584658420600000000000
2019-07-18T22:16:03.000Z,20293565984688700000000000
2019-07-19T19:49:33.000Z,20295789914483200000000000
2019-07-20T17:07:03.000Z,20298311524331200000000000
2019-07-21T14:37:51.000Z,20300981345503200000000000
2019-07-22T12:06:34.000Z,20303714008683100000000000
2019-07-23T09:26:09.000Z,20306295709522300000000000
2019-07-24T06:50:39.000Z,20308994309497500000000000
2019-07-25T04:23:53.000Z,20311886820741800000000000
2019-07-26T02:03:39.000Z,20315437336915700000000000
2019-07-26T23:33:13.000Z,20319775379485500000000000
2019-07-27T20:44:30.000Z,20322867709946500000000000
2019-07-28T18:23:42.000Z,20325897523910300000000000
2019-07-29T15:56:08.000Z,20329023117957400000000000
2019-07-30T13:21:03.000Z,20332811157762700000000000
2019-07-31T10:51:18.000Z,20336907680383700000000000
2019-08-01T08:16:42.000Z,20342119735419400000000000
2019-08-02T05:54:44.000Z,20347141200806800000000000
2019-08-03T03:19:33.000Z,20352417752932800000000000
2019-08-04T00:33:59.000Z,20356322407494400000000000
2019-08-04T21:58:23.000Z,20360024067358700000000000
2019-08-05T19:28:07.000Z,20364522943284700000000000
2019-08-06T16:57:01.000Z,20369381536472900000000000
2019-08-07T14:25:19.000Z,20375201723093100000000000
2019-08-08T11:51:24.000Z,20380701491164800000000000
2019-08-09T09:17:11.000Z,20385858567462800000000000
2019-08-10T06:42:44.000Z,20390682608479100000000000
2019-08-11T04:17:05.000Z,20395531884314600000000000
2019-08-12T01:44:02.000Z,20400430197596800000000000
2019-08-12T23:06:56.000Z,20405176653748500000000000
2019-08-13T20:36:50.000Z,20409958378087300000000000
2019-08-14T17:56:47.000Z,20414686204332000000000000
2019-08-15T15:25:57.000Z,20418983387997500000000000
2019-08-16T12:53:12.000Z,20422863041443800000000000
2019-08-17T10:26:21.000Z,20426728196842600000000000
2019-08-18T08:01:56.000Z,20430559152329200000000000
2019-08-19T05:25:21.000Z,20434408045773800000000000
2019-08-20T02:47:42.000Z,20438287036848300000000000
2019-08-21T00:25:49.000Z,20441681661683000000000000
2019-08-21T21:49:49.000Z,20444992612232000000000000
2019-08-22T19:28:31.000Z,20448407833674500000000000
2019-08-23T16:58:03.000Z,20451923539861500000000000
2019-08-24T14:21:48.000Z,20455487521261900000000000
2019-08-25T12:01:39.000Z,20458984518039100000000000
2019-08-26T09:21:51.000Z,20462406175363800000000000
2019-08-27T07:09:32.000Z,20465958254855400000000000
2019-08-28T04:32:45.000Z,20469617892350100000000000
2019-08-29T02:02:18.000Z,20473352579587700000000000
2019-08-29T23:21:27.000Z,20477124354544100000000000
2019-08-30T20:49:41.000Z,20480671745887500000000000
2019-08-31T18:25:52.000Z,20484074767381400000000000
2019-09-01T16:05:18.000Z,20487412545266700000000000
2019-09-02T13:42:33.000Z,20490580450437700000000000
2019-09-03T11:09:16.000Z,20493846234049300000000000
2019-09-04T08:39:09.000Z,20496895684198500000000000
2019-09-05T06:05:37.000Z,20499835391836600000000000
2019-09-06T03:43:13.000Z,20502778214279100000000000
2019-09-07T01:23:29.000Z,20505835385576800000000000
2019-09-07T22:50:31.000Z,20508604784649600000000000
2019-09-08T20:28:39.000Z,20511161250851200000000000
2019-09-09T17:53:14.000Z,20513812166951300000000000
2019-09-10T15:35:13.000Z,20516636826746600000000000
2019-09-11T13:07:21.000Z,20519401366250900000000000
2019-09-12T10:41:53.000Z,20522331651571800000000000
2019-09-13T08:16:43.000Z,20525012267040200000000000
2019-09-14T06:01:13.000Z,20527860548359500000000000
2019-09-15T03:31:54.000Z,20530465148848600000000000
2019-09-16T01:16:01.000Z,20533463773608400000000000
2019-09-16T22:39:10.000Z,20536285222598900000000000
2019-09-17T20:14:16.000Z,20539082702657500000000000
2019-09-18T17:29:57.000Z,20542122741487700000000000
2019-09-19T15:09:20.000Z,20545291388077100000000000
2019-09-20T12:54:40.000Z,20548633582883100000000000
2019-09-21T10:20:29.000Z,20551770482246000000000000
2019-09-22T08:00:29.000Z,20555008115112800000000000
2019-09-23T05:31:47.000Z,20558367405227600000000000
2019-09-24T03:12:03.000Z,20561667272913900000000000
2019-09-25T00:59:25.000Z,20565020936950300000000000
2019-09-25T22:34:06.000Z,20568464130012300000000000
2019-09-26T20:19:19.000Z,20571852338249600000000000
2019-09-27T17:50:16.000Z,20575008836743500000000000
2019-09-28T15:35:07.000Z,20577842155005600000000000
2019-09-29T13:16:31.000Z,20580655194454500000000000
2019-09-30T10:53:03.000Z,20583307960444400000000000
2019-10-01T08:25:53.000Z,20586071972220600000000000
2019-10-02T06:07:15.000Z,20588965120962800000000000
2019-10-03T03:43:39.000Z,20591955018900900000000000
2019-10-04T01:16:35.000Z,20594912354525300000000000
2019-10-04T22:43:01.000Z,20597795097728900000000000
2019-10-05T20:22:23.000Z,20600590340504600000000000
2019-10-06T17:56:00.000Z,20603504891827600000000000
2019-10-07T15:31:13.000Z,20606414084666500000000000
2019-10-08T13:00:19.000Z,20609650838475600000000000
2019-10-09T10:50:45.000Z,20612600482091500000000000
2019-10-10T08:32:45.000Z,20615312271850000000000000
2019-10-11T06:15:48.000Z,20617910766610900000000000
2019-10-12T04:03:20.000Z,20620491789250800000000000
2019-10-13T01:48:02.000Z,20623138614112400000000000
2019-10-13T23:30:56.000Z,20625808451131500000000000
2019-10-14T21:17:42.000Z,20628508199498400000000000
2019-10-15T18:52:43.000Z,20631215847265900000000000
2019-10-16T16:41:59.000Z,20634029019373200000000000
2019-10-17T14:38:13.000Z,20636730781101100000000000
2019-10-18T12:20:20.000Z,20639566515487900000000000
2019-10-19T09:56:53.000Z,20642203235715600000000000
2019-10-20T07:54:20.000Z,20644971666053000000000000
2019-10-21T05:34:40.000Z,20647601303310700000000000
2019-10-22T03:30:25.000Z,20650161443621600000000000
2019-10-23T01:05:44.000Z,20652879404820700000000000
2019-10-23T22:45:13.000Z,20655779976754000000000000
2019-10-24T20:52:21.000Z,20658551917137100000000000
2019-10-25T19:21:59.000Z,20660983771011600000000000
2019-10-26T17:33:44.000Z,20663570837140500000000000
2019-10-27T15:45:42.000Z,20666384711893300000000000
2019-10-28T13:49:42.000Z,20669004187913900000000000
2019-10-29T12:15:34.000Z,20671600536235300000000000
2019-10-30T10:17:53.000Z,20674191100347600000000000
2019-10-31T08:40:27.000Z,20676703056936900000000000
2019-11-01T06:51:27.000Z,20679170550701900000000000
2019-11-02T05:02:55.000Z,20681740717128800000000000
2019-11-03T03:15:58.000Z,20684130317996500000000000
2019-11-04T01:21:28.000Z,20686586226498200000000000
2019-11-04T23:38:20.000Z,20688894563728900000000000
2019-11-05T21:49:18.000Z,20691204856250300000000000
2019-11-06T20:13:29.000Z,20693629421685900000000000
2019-11-07T18:22:02.000Z,20696004439076300000000000
2019-11-08T16:44:58.000Z,20698522074108600000000000
2019-11-09T15:19:06.000Z,20701118528088500000000000
2019-11-10T14:12:46.000Z,20703662019531200000000000
2019-11-11T13:13:49.000Z,20706270230493900000000000
2019-11-12T12:10:11.000Z,20708965172457400000000000
2019-11-13T11:17:09.000Z,20711541306475500000000000
2019-11-14T10:11:55.000Z,20714295145151700000000000
2019-11-15T09:21:38.000Z,20716881774346800000000000
2019-11-16T08:26:42.000Z,20719357449480400000000000
2019-11-17T07:20:49.000Z,20722036346611700000000000
2019-11-18T06:14:50.000Z,20724716056691400000000000
2019-11-19T05:25:44.000Z,20727425161530000000000000
2019-11-20T04:51:50.000Z,20730073378910900000000000
2019-11-21T03:43:55.000Z,20732755488785600000000000
2019-11-22T02:37:12.000Z,20735429075212600000000000
2019-11-23T01:43:54.000Z,20737914625992600000000000
2019-11-24T00:35:16.000Z,20740229307368400000000000
2019-11-24T23:32:45.000Z,20742597474746600000000000
2019-11-25T22:54:10.000Z,20744832194850500000000000
2019-11-26T23:24:05.000Z,20747095357345000000000000
2019-11-27T23:50:36.000Z,20749371069374500000000000
2019-11-29T00:24:00.000Z,20751656826375800000000000
2019-11-30T00:57:44.000Z,20753988936433500000000000
2019-12-01T01:21:43.000Z,20756290626075800000000000
2019-12-02T01:59:03.000Z,20758592551324500000000000
2019-12-03T02:26:13.000Z,20760859688204800000000000
2019-12-04T02:52:41.000Z,20763173469162000000000000
2019-12-05T03:37:54.000Z,20765389739571600000000000
2019-12-06T04:24:54.000Z,20767593441493100000000000
2019-12-07T04:43:07.000Z,20769801072710800000000000
2019-12-08T05:22:03.000Z,20771968181542700000000000
2019-12-09T05:56:25.000Z,20774065319600300000000000
2019-12-10T06:23:39.000Z,20776239039548900000000000
2019-12-11T06:42:55.000Z,20778411891507700000000000
2019-12-12T07:22:02.000Z,20780522633708600000000000
2019-12-13T07:38:42.000Z,20782639554075700000000000
2019-12-14T09:37:00.000Z,20784711396223000000000000
2019-12-15T12:42:22.000Z,20786768296015800000000000
2019-12-16T15:40:08.000Z,20788807254761100000000000
2019-12-17T18:56:10.000Z,20790710176272100000000000
2019-12-18T22:42:10.000Z,20792557991371200000000000
2019-12-20T02:08:15.000Z,20794456172260000000000000
2019-12-21T05:59:29.000Z,20796336488571500000000000
2019-12-22T09:17:30.000Z,20798221561758300000000000
2019-12-23T12:46:30.000Z,20800177885317600000000000
2019-12-24T16:03:27.000Z,20802075747917000000000000
2019-12-25T19:53:47.000Z,20804169794155700000000000
2019-12-26T23:31:50.000Z,20806076322963000000000000
2019-12-28T02:55:43.000Z,20808099406948400000000000
2019-12-29T06:17:29.000Z,20810043141160300000000000
2019-12-30T09:55:41.000Z,20812026330788500000000000
2019-12-31T13:32:25.000Z,20814215292956600000000000
2020-01-01T17:24:27.000Z,20816425136744000000000000
2020-01-02T18:57:53.000Z,20818465323745000000000000
2020-01-03T16:16:58.000Z,20820548255348700000000000
2020-01-04T13:27:11.000Z,20822656537986200000000000
2020-01-05T10:35:04.000Z,20824748419363500000000000
2020-01-06T07:47:28.000Z,20826823297816500000000000
2020-01-07T04:48:14.000Z,20828961908971300000000000
2020-01-08T02:00:00.000Z,20831094233086500000000000
2020-01-08T23:12:30.000Z,20833280877299700000000000
2020-01-09T20:29:33.000Z,20835618570699900000000000
2020-01-10T17:36:00.000Z,20838170800853700000000000
2020-01-11T14:39:46.000Z,20840818764192400000000000
2020-01-12T11:53:47.000Z,20843344961071700000000000
2020-01-13T09:09:53.000Z,20846040321949600000000000
2020-01-14T06:17:17.000Z,20848709312555300000000000
2020-01-15T03:23:43.000Z,20851434363795900000000000
2020-01-16T00:40:11.000Z,20854107104322100000000000
2020-01-16T21:57:20.000Z,20856720295997700000000000
2020-01-17T18:59:35.000Z,20859179882117600000000000
2020-01-18T16:12:41.000Z,20861626246654800000000000
2020-01-19T13:29:15.000Z,20864110500992000000000000
2020-01-20T10:34:04.000Z,20866576110559000000000000
2020-01-21T07:42:58.000Z,20869792292986100000000000
2020-01-22T04:50:19.000Z,20872646603568400000000000
2020-01-23T02:00:29.000Z,20875283065950900000000000
2020-01-23T23:09:09.000Z,20877317739683600000000000
2020-01-24T20:19:48.000Z,20879245306113500000000000
2020-01-25T17:41:58.000Z,20881155144829000000000000
2020-01-26T14:57:48.000Z,20883084409158200000000000
2020-01-27T11:59:26.000Z,20885096756241200000000000
2020-01-28T09:11:52.000Z,20887131586442100000000000
2020-01-29T06:22:37.000Z,20889271165950100000000000
2020-01-30T03:31:50.000Z,20891605223851100000000000
2020-01-31T00:56:55.000Z,20893901191434300000000000
2020-01-31T22:15:10.000Z,20896345265321100000000000
2020-02-01T19:33:54.000Z,20898597468051600000000000
2020-02-02T16:35:30.000Z,20900847657913700000000000
2020-02-03T13:53:43.000Z,20903018204734500000000000
2020-02-04T11:01:33.000Z,20905251968525800000000000
2020-02-05T08:15:13.000Z,20907513849959500000000000
2020-02-06T05:36:15.000Z,20909833733224200000000000
2020-02-07T02:49:49.000Z,20912223304134500000000000
2020-02-08T00:02:22.000Z,20914806823542900000000000
2020-02-08T21:24:44.000Z,20917480707395800000000000
2020-02-09T18:46:18.000Z,20920173774048100000000000
2020-02-10T15:56:15.000Z,20922853247427400000000000
2020-02-11T12:58:28.000Z,20925599156127000000000000
2020-02-12T10:14:31.000Z,20928318231609800000000000
2020-02-13T07:33:35.000Z,20931073997679500000000000
2020-02-14T04:45:30.000Z,20933760825541300000000000
2020-02-15T02:11:05.000Z,20936438717868000000000000
2020-02-15T23:24:27.000Z,20939129648721000000000000
2020-02-16T20:37:17.000Z,20942002468807000000000000
2020-02-17T18:09:54.000Z,20945018064837200000000000
2020-02-18T15:18:46.000Z,20947793652872600000000000
2020-02-19T12:25:20.000Z,20950325768156100000000000
2020-02-20T09:51:21.000Z,20952861220128000000000000
2020-02-21T07:05:14.000Z,20955622586938400000000000
2020-02-22T04:21:11.000Z,20958384996835900000000000
2020-02-23T01:30:57.000Z,20961099437308400000000000
2020-02-23T22:42:11.000Z,20963526735774500000000000
2020-02-24T19:57:51.000Z,20965778488438900000000000
2020-02-25T17:29:17.000Z,20968216463451300000000000
2020-02-26T14:36:36.000Z,20970532417099700000000000
2020-02-27T11:39:57.000Z,20972682614349300000000000
2020-02-28T09:17:25.000Z,20974784293162500000000000
2020-02-29T06:21:02.000Z,20976827883628600000000000
2020-03-01T03:32:12.000Z,20978857028322300000000000
2020-03-02T00:49:56.000Z,20980907245230100000000000
2020-03-02T22:03:44.000Z,20982977902928200000000000
2020-03-03T19:17:26.000Z,20985269838995000000000000
2020-03-04T16:35:09.000Z,20987523694241200000000000
2020-03-05T13:46:19.000Z,20989871149079800000000000
2020-03-06T11:13:22.000Z,20992421925605300000000000
2020-03-07T08:14:13.000Z,20994134385360600000000000
2020-03-08T05:16:54.000Z,20995804902739100000000000
2020-03-09T02:29:51.000Z,20997640430543100000000000
2020-03-10T00:00:46.000Z,20999722498991100000000000
2020-03-10T21:22:41.000Z,21001913944071200000000000
2020-03-11T18:39:57.000Z,21003386513516400000000000
2020-03-12T15:54:08.000Z,21004627816060800000000000
2020-03-13T13:31:33.000Z,21005321767607200000000000
2020-03-14T10:58:08.000Z,21006017774250000000000000
2020-03-15T08:20:30.000Z,21006646581907200000000000
2020-03-16T05:19:34.000Z,21007156527813400000000000
2020-03-17T02:44:07.000Z,21007459345800900000000000
2020-03-17T23:55:59.000Z,21007684653210200000000000
2020-03-18T21:11:07.000Z,21007872694663300000000000
2020-03-19T18:28:43.000Z,21008080098224300000000000
2020-03-20T15:59:22.000Z,21008309990043500000000000
2020-03-21T13:23:04.000Z,21008547377746200000000000
2020-03-22T11:18:03.000Z,21008783175542700000000000
2020-03-23T08:54:08.000Z,21009015602260800000000000
2020-03-24T06:07:05.000Z,21009272449098600000000000
2020-03-25T04:09:53.000Z,21009533547294100000000000
2020-03-26T01:46:40.000Z,21009799316337500000000000
2020-03-26T23:05:49.000Z,21010060425117300000000000
2020-03-27T20:14:27.000Z,21010312463356400000000000
2020-03-28T17:20:40.000Z,21010569298693300000000000
2020-03-29T14:36:35.000Z,21010820440608000000000000
2020-03-30T11:52:17.000Z,21011070909055000000000000
2020-03-31T09:05:41.000Z,21011320498227300000000000
2020-04-01T06:27:53.000Z,21011577778520000000000000
2020-04-02T03:29:29.000Z,21011835428279000000000000
2020-04-03T00:54:43.000Z,21012090675132700000000000
2020-04-03T21:57:10.000Z,21012352333818100000000000
2020-04-04T19:25:36.000Z,21012618777435600000000000
2020-04-05T16:39:30.000Z,21012883583513400000000000
2020-04-06T13:57:53.000Z,21013165329421500000000000
2020-04-07T11:19:15.000Z,21013447359223100000000000
2020-04-08T08:28:56.000Z,21013695268515500000000000
2020-04-09T05:38:40.000Z,21013921145533300000000000
2020-04-10T02:50:32.000Z,21014163489682300000000000
2020-04-11T00:18:07.000Z,21014398066591600000000000
2020-04-11T21:47:16.000Z,21014633720684000000000000
2020-04-12T18:44:01.000Z,21014863888323400000000000
2020-04-13T16:08:33.000Z,21015092476677100000000000
2020-04-14T13:05:27.000Z,21015318308957600000000000
2020-04-15T10:44:36.000Z,21015541535255200000000000
2020-04-16T07:59:52.000Z,21015779747399400000000000
2020-04-17T05:16:20.000Z,21016014968671700000000000
2020-04-18T02:47:59.000Z,21016247997666800000000000
2020-04-19T00:16:23.000Z,21016483848092700000000000
2020-04-19T21:42:41.000Z,21016737763020900000000000
2020-04-20T19:03:17.000Z,21016995101015000000000000
2020-04-21T16:18:19.000Z,21017251756354900000000000
2020-04-22T13:48:27.000Z,21017512848341000000000000
2020-04-23T11:00:11.000Z,21017795271159400000000000
2020-04-24T08:24:47.000Z,21018094299002700000000000
2020-04-25T05:58:25.000Z,21018394377737000000000000
2020-04-26T03:15:18.000Z,21018703218199500000000000
2020-04-27T00:44:11.000Z,21019014680009300000000000
2020-04-27T22:13:39.000Z,21019320380425500000000000
2020-04-28T19:48:35.000Z,21019617147023900000000000
2020-04-29T17:04:01.000Z,21019924821049300000000000
2020-04-30T14:25:15.000Z,21020258694887400000000000
2020-05-01T11:58:40.000Z,21020586992725200000000000
2020-05-02T09:36:11.000Z,21020911901094600000000000
2020-05-03T07:08:23.000Z,21021322168914800000000000
2020-05-04T04:16:26.000Z,21021860688859900000000000
2020-05-05T01:20:56.000Z,21022443042179400000000000
2020-05-05T22:37:18.000Z,21023076657827100000000000
2020-05-06T20:12:30.000Z,21023753286332600000000000
2020-05-07T17:43:25.000Z,21024400180872300000000000
2020-05-08T15:04:47.000Z,21025115075392800000000000
2020-05-09T12:23:14.000Z,21025778408600700000000000
2020-05-10T10:02:39.000Z,21026393659083500000000000
2020-05-11T07:20:14.000Z,21026888964816100000000000
2020-05-12T04:43:17.000Z,21027380693903100000000000
2020-05-13T02:25:00.000Z,21027890885520600000000000
2020-05-13T23:40:59.000Z,21028384746386900000000000
2020-05-14T21:20:56.000Z,21028839656378700000000000
2020-05-15T18:37:32.000Z,21029352796138000000000000
2020-05-16T16:17:34.000Z,21029841423551500000000000
2020-05-17T13:31:02.000Z,21030290541772500000000000
2020-05-18T11:14:40.000Z,21030754774440900000000000
2020-05-19T08:49:54.000Z,21031274285217800000000000
2020-05-20T06:18:05.000Z,21031849323873700000000000
2020-05-21T03:53:00.000Z,21032438006610900000000000
2020-05-22T01:06:16.000Z,21033001458310900000000000
2020-05-22T22:53:51.000Z,21033587081696400000000000
2020-05-23T20:11:58.000Z,21034275648409600000000000
2020-05-24T17:44:41.000Z,21034933001224600000000000
2020-05-25T15:21:32.000Z,21035830618606600000000000
2020-05-26T13:02:32.000Z,21036748960617800000000000
2020-05-27T10:24:13.000Z,21037530835362000000000000
2020-05-28T07:54:54.000Z,21038370887272600000000000
2020-05-29T05:19:12.000Z,21039376292045300000000000
2020-05-30T02:45:20.000Z,21040480716560200000000000
2020-05-31T00:11:16.000Z,21041674614394500000000000
2020-05-31T21:38:57.000Z,21042834524823500000000000
2020-06-01T19:18:30.000Z,21043875579865500000000000
2020-06-02T16:48:44.000Z,21044768192147000000000000
2020-06-03T14:22:26.000Z,21045826668447000000000000
2020-06-04T11:38:22.000Z,21046893432958300000000000
2020-06-05T09:12:14.000Z,21047923257306200000000000
2020-06-06T06:36:29.000Z,21049834455881100000000000
2020-06-07T03:53:38.000Z,21050767449417500000000000
2020-06-08T01:21:20.000Z,21051693304265400000000000
2020-06-08T22:47:10.000Z,21052646492784800000000000
2020-06-09T20:19:32.000Z,21053620804252600000000000
2020-06-10T17:53:59.000Z,21054611144331100000000000
2020-06-11T15:23:44.000Z,21055574874783800000000000
2020-06-12T12:39:11.000Z,21056330644589200000000000
2020-06-13T10:00:45.000Z,21057004902154300000000000
2020-06-14T07:04:39.000Z,21057725153747300000000000
2020-06-15T04:37:18.000Z,21058569062434500000000000
2020-06-16T01:46:30.000Z,21059273335369000000000000
2020-06-16T23:19:54.000Z,21059598990859700000000000
2020-06-17T20:48:52.000Z,21059794895546000000000000
2020-06-18T18:14:18.000Z,21059925356799900000000000
2020-06-19T15:36:59.000Z,21060015959273900000000000
2020-06-20T12:52:25.000Z,21060087326389600000000000
2020-06-21T10:16:38.000Z,21060160049407300000000000
2020-06-22T07:44:03.000Z,21060216610301000000000000
2020-06-23T05:01:49.000Z,21060271987100800000000000
2020-06-24T02:31:00.000Z,21060329997908400000000000
2020-06-24T23:49:32.000Z,21060394589376900000000000
2020-06-25T21:10:21.000Z,21060480482839600000000000
2020-06-26T18:39:29.000Z,21060581554996000000000000
2020-06-27T16:19:57.000Z,21060677461130800000000000
2020-06-28T13:43:09.000Z,21060758940664200000000000
2020-06-29T11:03:34.000Z,21060833941902700000000000
2020-06-30T08:51:01.000Z,21060912007013000000000000
2020-07-01T06:19:11.000Z,21061051433626900000000000
2020-07-02T03:37:20.000Z,21061263702898800000000000
2020-07-03T01:00:03.000Z,21061850928797500000000000
2020-07-03T22:22:20.000Z,21063427837224000000000000
2020-07-04T19:56:55.000Z,21065054642936000000000000
2020-07-05T17:13:00.000Z,21066653167393700000000000
2020-07-06T14:30:27.000Z,21068235439861800000000000
2020-07-07T12:04:45.000Z,21069606890582200000000000
2020-07-08T08:57:08.000Z,21070587534836500000000000
2020-07-09T06:32:42.000Z,21071604584343400000000000
2020-07-10T04:02:33.000Z,21072561124616500000000000
2020-07-11T01:36:00.000Z,21073526320210300000000000
2020-07-11T22:41:28.000Z,21074548229643700000000000
2020-07-12T19:59:10.000Z,21075566904299800000000000
2020-07-13T17:17:34.000Z,21076571062018200000000000
2020-07-14T14:43:28.000Z,21077574417521000000000000
2020-07-15T12:18:16.000Z,21078581136849700000000000
2020-07-16T09:37:45.000Z,21079668086567900000000000
2020-07-17T07:23:00.000Z,21080754529850300000000000
2020-07-18T04:39:39.000Z,21081729846554400000000000
2020-07-19T01:54:33.000Z,21082660293596700000000000
2020-07-19T23:12:54.000Z,21083688861058400000000000
2020-07-20T20:46:30.000Z,21084663986126300000000000
2020-07-21T18:25:30.000Z,21085639956732100000000000
2020-07-22T15:58:39.000Z,21086681654416000000000000
2020-07-23T13:10:58.000Z,21087644803893100000000000
2020-07-24T10:25:25.000Z,21088271599546100000000000
2020-07-25T08:00:05.000Z,21088848319402800000000000
2020-07-26T05:22:26.000Z,21089700156443400000000000
2020-07-27T02:41:58.000Z,21090528067123100000000000
2020-07-28T00:10:11.000Z,21091025334655400000000000
2020-07-28T21:29:28.000Z,21091516758422600000000000
2020-07-29T18:44:56.000Z,21092049947060500000000000
2020-07-30T16:20:10.000Z,21092638585443800000000000
2020-07-31T13:49:35.000Z,21093604157436300000000000
2020-08-01T11:00:27.000Z,21094942433893900000000000
2020-08-02T08:17:51.000Z,21096125436643000000000000
2020-08-03T05:45:47.000Z,21097482777201000000000000
2020-08-04T02:57:52.000Z,21098757237863800000000000
2020-08-05T00:34:40.000Z,21099978466645100000000000
2020-08-05T21:53:16.000Z,21101249699775900000000000
2020-08-06T19:03:04.000Z,21102579073844300000000000
2020-08-07T16:28:55.000Z,21103939757913100000000000
2020-08-08T13:52:25.000Z,21105381816770200000000000
2020-08-09T11:01:21.000Z,21106595058524500000000000
2020-08-10T08:24:03.000Z,21107749296212000000000000
2020-08-11T05:48:00.000Z,21108993939546400000000000
2020-08-12T03:16:11.000Z,21110344083323800000000000
2020-08-13T00:24:55.000Z,21111839078315100000000000
2020-08-13T21:37:15.000Z,21113062002976300000000000
2020-08-14T18:51:11.000Z,21115036076092600000000000
2020-08-15T16:06:29.000Z,21119135760881800000000000
2020-08-16T13:35:00.000Z,21124043385247600000000000
2020-08-17T10:58:02.000Z,21128110556897900000000000
2020-08-18T08:34:50.000Z,21131792428120300000000000
2020-08-19T05:28:01.000Z,21134991387658200000000000
2020-08-20T02:48:51.000Z,21137777190645300000000000
2020-08-20T23:53:27.000Z,21139601923019400000000000
2020-08-21T21:21:42.000Z,21141311675012400000000000
2020-08-22T18:35:37.000Z,21142901958445700000000000
2020-08-23T15:44:53.000Z,21144437385443000000000000
2020-08-24T12:56:53.000Z,21145876974259800000000000
2020-08-25T10:18:15.000Z,21147190621708600000000000
2020-08-26T07:35:29.000Z,21148601107475700000000000
2020-08-27T04:48:37.000Z,21150004792850800000000000
2020-08-28T01:55:42.000Z,21151649051264100000000000
2020-08-28T23:04:30.000Z,21153138254801300000000000
2020-08-29T20:18:42.000Z,21154431446081900000000000
2020-08-30T17:30:40.000Z,21155738148295700000000000
2020-08-31T14:49:15.000Z,21156919530527300000000000
2020-09-01T11:41:50.000Z,21158016726226800000000000
2020-09-02T08:52:41.000Z,21159129166698400000000000
2020-09-03T05:59:55.000Z,21160253224325400000000000
2020-09-04T03:25:26.000Z,21161255240304100000000000
2020-09-05T00:20:40.000Z,21162191161060200000000000
2020-09-05T21:29:03.000Z,21163168293703100000000000
2020-09-06T18:33:42.000Z,21164145096154900000000000
2020-09-07T15:37:16.000Z,21165109366902900000000000
2020-09-08T13:06:35.000Z,21166153803593100000000000
2020-09-09T10:14:39.000Z,21167234861966100000000000
2020-09-10T07:39:21.000Z,21168479842337400000000000
2020-09-11T04:36:58.000Z,21169944189389400000000000
2020-09-12T01:42:35.000Z,21171363293746700000000000
2020-09-12T23:00:00.000Z,21172905215172100000000000
2020-09-13T20:06:50.000Z,21174503888360800000000000
2020-09-14T17:28:16.000Z,21176027754698500000000000
2020-09-15T14:38:39.000Z,21177166781446200000000000
2020-09-16T11:53:55.000Z,21178423441900800000000000
2020-09-17T09:09:20.000Z,21180037967006900000000000
2020-09-18T06:23:24.000Z,21181788650952800000000000
2020-09-19T03:40:50.000Z,21183316412702700000000000
2020-09-20T00:51:48.000Z,21184590088684600000000000
2020-09-20T21:47:32.000Z,21185853129583600000000000
2020-09-21T18:52:19.000Z,21186860134454700000000000
2020-09-22T16:15:26.000Z,21187163965279600000000000
2020-09-23T13:09:29.000Z,21187485544080600000000000
2020-09-24T10:43:08.000Z,21187817026919000000000000
2020-09-25T07:52:03.000Z,21188137818594200000000000
2020-09-26T05:29:55.000Z,21188432607449200000000000
2020-09-27T03:08:42.000Z,21188735423416200000000000
2020-09-28T00:39:38.000Z,21189045450714600000000000
2020-09-28T22:25:26.000Z,21189384692689000000000000
2020-09-29T20:04:07.000Z,21189725633902700000000000
2020-09-30T17:49:13.000Z,21190045660877800000000000
2020-10-01T15:24:37.000Z,21190346031456100000000000
2020-10-02T12:45:35.000Z,21190619129260100000000000
2020-10-03T10:24:20.000Z,21190903496269400000000000
2020-10-04T08:09:42.000Z,21191197978699800000000000
2020-10-05T05:54:50.000Z,21191523084890900000000000
2020-10-06T03:17:39.000Z,21191858656619600000000000
2020-10-07T00:38:32.000Z,21192173782897200000000000
2020-10-07T22:22:51.000Z,21192487787079400000000000
2020-10-08T20:24:13.000Z,21192822565046100000000000
2020-10-09T18:07:26.000Z,21193126810563100000000000
2020-10-10T15:38:43.000Z,21193479856785900000000000
2020-10-11T12:43:08.000Z,21193868964159200000000000
2020-10-12T09:48:21.000Z,21194300430018300000000000
2020-10-13T06:53:06.000Z,21194737149342900000000000
2020-10-14T04:15:46.000Z,21195228153900900000000000
2020-10-15T01:10:02.000Z,21195824329266700000000000
2020-10-15T22:15:02.000Z,21196470919073700000000000
2020-10-16T19:29:26.000Z,21197144282452100000000000
2020-10-17T16:44:47.000Z,21197846232910300000000000
2020-10-18T14:09:24.000Z,21198590837550600000000000
2020-10-19T11:18:40.000Z,21199450731955800000000000
2020-10-20T08:21:15.000Z,21200372419814200000000000
2020-10-21T05:38:30.000Z,21201378617692600000000000
2020-10-22T02:50:52.000Z,21202749470864500000000000
2020-10-22T23:56:05.000Z,21204289922993000000000000
2020-10-23T21:13:43.000Z,21205674490675200000000000
2020-10-24T18:26:27.000Z,21206989560991900000000000
2020-10-25T15:44:48.000Z,21208268529311900000000000
2020-10-26T13:06:20.000Z,21209650063994400000000000
2020-10-27T10:10:39.000Z,21211150699386100000000000
2020-10-28T07:18:16.000Z,21212800016034000000000000
2020-10-29T04:30:01.000Z,21214428358524800000000000
2020-10-30T01:37:41.000Z,21215975168720300000000000
2020-10-30T23:05:34.000Z,21217616647530900000000000
2020-10-31T20:14:08.000Z,21219314874880000000000000
2020-11-01T17:24:44.000Z,21221524350485400000000000
2020-11-02T14:44:36.000Z,21223723847892600000000000
2020-11-03T11:50:53.000Z,21225234474891600000000000
2020-11-04T09:10:56.000Z,21226657359657600000000000
2020-11-05T06:26:39.000Z,21228102675676200000000000
2020-11-06T03:32:16.000Z,21229548411071100000000000
2020-11-07T00:39:41.000Z,21231229852285400000000000
2020-11-07T21:52:40.000Z,21233591370530800000000000
2020-11-08T19:14:48.000Z,21236113054000600000000000
2020-11-09T16:25:13.000Z,21237651088828900000000000
2020-11-10T13:36:27.000Z,21238970861313700000000000
2020-11-11T10:50:28.000Z,21240352290246200000000000
2020-11-12T08:05:23.000Z,21241779220462000000000000
2020-11-13T05:16:17.000Z,21243331377215300000000000
2020-11-14T02:32:15.000Z,21244963922332500000000000
2020-11-14T23:40:52.000Z,21246688616239900000000000
2020-11-15T20:38:52.000Z,21248428684682900000000000
2020-11-16T18:10:08.000Z,21249992623204500000000000
2020-11-17T15:15:01.000Z,21251556349932700000000000
2020-11-18T12:34:42.000Z,21254148651918100000000000
2020-11-19T09:51:54.000Z,21257089115547900000000000
2020-11-20T06:53:39.000Z,21260486982439100000000000
2020-11-21T04:17:33.000Z,21263788762873100000000000
2020-11-22T01:16:27.000Z,21267214886392400000000000
2020-11-22T22:33:30.000Z,21271045429555900000000000
2020-11-23T20:06:00.000Z,21273963109107400000000000
2020-11-24T17:09:48.000Z,21276581594921300000000000
2020-11-25T14:31:27.000Z,21279537564198700000000000
2020-11-26T11:43:35.000Z,21282081641382100000000000
2020-11-27T08:43:17.000Z,21283796525821900000000000
2020-11-28T06:13:55.000Z,21285299244062200000000000
2020-11-29T03:09:17.000Z,21286858394114400000000000
2020-11-30T00:31:53.000Z,21288481038904000000000000
2020-11-30T21:30:51.000Z,21290255142406400000000000
2020-12-01T18:50:35.000Z,21292790005463200000000000
2020-12-02T16:16:57.000Z,21294772314049400000000000
2020-12-03T13:24:50.000Z,21297414716424500000000000
2020-12-04T10:37:02.000Z,21300028496253100000000000
2020-12-05T07:54:17.000Z,21302245137996300000000000
2020-12-06T05:07:54.000Z,21303986252533800000000000
2020-12-07T02:28:45.000Z,21305853596268100000000000
2020-12-07T23:42:39.000Z,21307509224778000000000000
2020-12-08T21:01:35.000Z,21309166426209400000000000
2020-12-09T18:08:00.000Z,21310772302226500000000000
2020-12-10T15:25:24.000Z,21312347354329300000000000
2020-12-11T12:49:41.000Z,21313923469736400000000000
2020-12-12T10:12:58.000Z,21315514985657100000000000
2020-12-13T07:18:07.000Z,21317062574511100000000000
2020-12-14T04:43:03.000Z,21318610389849100000000000
2020-12-15T01:54:05.000Z,21320153077924200000000000
2020-12-15T23:06:04.000Z,21321682562183300000000000
2020-12-16T20:15:28.000Z,21323207976294300000000000
2020-12-17T17:33:05.000Z,21324821617091800000000000
2020-12-18T14:47:42.000Z,21327253481321500000000000
2020-12-19T12:07:24.000Z,21329877310380800000000000
2020-12-20T09:09:52.000Z,21332646039881300000000000
2020-12-21T06:33:30.000Z,21335886584008100000000000
2020-12-22T03:34:36.000Z,21339029388520400000000000
2020-12-23T00:53:29.000Z,21341705703803200000000000
2020-12-23T21:50:25.000Z,21344922449299400000000000
2020-12-24T19:09:21.000Z,21347843719194200000000000
2020-12-25T16:31:01.000Z,21350956655002700000000000
2020-12-26T13:42:04.000Z,21353821380941300000000000
2020-12-27T10:51:39.000Z,21356996274155100000000000
2020-12-28T08:00:42.000Z,21360302525243200000000000
2020-12-29T05:07:54.000Z,21363875281016900000000000
2020-12-30T02:37:37.000Z,21366807320237000000000000
2020-12-30T23:39:12.000Z,21371635993410100000000000
2020-12-31T20:59:52.000Z,21377615978706200000000000
2021-01-01T18:01:48.000Z,21381913492577100000000000
2021-01-02T15:05:30.000Z,21385074309123700000000000
2021-01-03T12:19:42.000Z,21389846283062400000000000
2021-01-04T09:44:05.000Z,21394269848640900000000000
2021-01-05T06:52:45.000Z,21397976085645400000000000
2021-01-06T04:11:53.000Z,21401498144956400000000000
2021-01-07T01:18:40.000Z,21405267499907700000000000
2021-01-07T22:39:15.000Z,21409265074785400000000000
2021-01-08T19:41:29.000Z,21413417317717800000000000
2021-01-09T17:03:32.000Z,21416944988839200000000000
2021-01-10T14:05:37.000Z,21420226642727200000000000
2021-01-11T11:26:02.000Z,21423856840452800000000000
2021-01-12T08:33:27.000Z,21428924799436600000000000
2021-01-13T05:51:19.000Z,21433628843492900000000000
2021-01-14T02:29:58.000Z,21437908539959700000000000
2021-01-15T00:15:25.000Z,21442127074881000000000000
2021-01-15T21:16:55.000Z,21447529850621700000000000
2021-01-16T18:34:01.000Z,21452902328117100000000000
2021-01-17T15:59:34.000Z,21457896206122800000000000
2021-01-18T13:01:40.000Z,21462378789067000000000000
2021-01-19T10:19:45.000Z,21467194163725900000000000
2021-01-20T07:29:23.000Z,21472342953164700000000000
2021-01-21T04:29:44.000Z,21477431422091900000000000
2021-01-22T01:34:48.000Z,21482260615067900000000000
2021-01-22T23:08:46.000Z,21487117265422000000000000
2021-01-23T20:21:10.000Z,21491156498752200000000000
2021-01-24T17:32:05.000Z,21494737297923800000000000
2021-01-25T14:39:43.000Z,21498661781365600000000000
2021-01-26T12:19:42.000Z,21502367081143600000000000
2021-01-27T09:28:45.000Z,21505681505539500000000000
2021-01-28T06:40:07.000Z,21508562709158800000000000
2021-01-29T03:56:27.000Z,21511522407028200000000000
2021-01-30T01:16:07.000Z,21515419901381000000000000
2021-01-30T22:56:20.000Z,21520343790521800000000000
2021-01-31T19:48:01.000Z,21525365329770500000000000
2021-02-01T17:05:38.000Z,21529536026814900000000000
2021-02-02T14:19:48.000Z,21533225499986700000000000
2021-02-03T11:42:07.000Z,21538202971064500000000000
2021-02-04T09:04:34.000Z,21543809976032000000000000
2021-02-05T06:17:59.000Z,21550271609215300000000000
2021-02-06T03:45:37.000Z,21556672945837100000000000
2021-02-07T00:49:43.000Z,21562504004455700000000000
2021-02-07T21:54:14.000Z,21568078744642100000000000
2021-02-08T19:19:37.000Z,21573525896783700000000000
2021-02-09T16:36:01.000Z,21579624662993500000000000
2021-02-10T13:55:20.000Z,21585630937634100000000000
2021-02-11T11:11:44.000Z,21591747511636200000000000
2021-02-12T08:21:21.000Z,21597619831433800000000000
2021-02-13T05:26:19.000Z,21603751792479900000000000
2021-02-14T02:51:23.000Z,21609710122952600000000000
2021-02-15T00:03:00.000Z,21615330938222300000000000
2021-02-15T21:16:01.000Z,21621256511389100000000000
2021-02-16T18:29:38.000Z,21626529701614000000000000
2021-02-17T15:47:47.000Z,21632573502579300000000000
2021-02-18T12:58:50.000Z,21640270592111100000000000
2021-02-19T10:23:05.000Z,21646807080086400000000000
2021-02-20T07:37:44.000Z,21653109350297900000000000
2021-02-21T04:57:55.000Z,21658458397521600000000000
2021-02-22T02:06:42.000Z,21663703117627400000000000
2021-02-22T23:21:44.000Z,21668762835365300000000000
2021-02-23T20:34:21.000Z,21672450550237300000000000
2021-02-24T18:02:05.000Z,21675163212116300000000000
2021-02-25T15:11:40.000Z,21678203579471100000000000
2021-02-26T12:28:44.000Z,21681744312860100000000000
2021-02-27T09:41:53.000Z,21683813615496500000000000
2021-02-28T06:55:24.000Z,21685472583775900000000000
2021-03-01T04:16:14.000Z,21687107811994900000000000
2021-03-02T01:37:19.000Z,21688786343534600000000000
2021-03-02T22:47:30.000Z,21690691652830200000000000
2021-03-03T20:15:03.000Z,21693735983040600000000000
2021-03-04T17:30:40.000Z,21697665693254700000000000
2021-03-05T14:43:10.000Z,21700962737475200000000000
2021-03-06T11:47:24.000Z,21704045659152400000000000
2021-03-07T09:05:54.000Z,21706865463495300000000000
2021-03-08T06:17:17.000Z,21710747682428900000000000
2021-03-09T03:42:45.000Z,21714921437740400000000000
2021-03-10T01:09:27.000Z,21719409390040100000000000
2021-03-10T22:21:19.000Z,21725034164004800000000000
2021-03-11T19:48:50.000Z,21731661202853900000000000
2021-03-12T17:27:02.000Z,21736203187339600000000000
2021-03-13T14:29:25.000Z,21737791122996700000000000
2021-03-14T11:55:53.000Z,21739398715584600000000000
2021-03-15T09:08:48.000Z,21741079344086400000000000
2021-03-16T06:26:42.000Z,21742773138747900000000000
2021-03-17T03:45:49.000Z,21745511128833400000000000
2021-03-18T00:57:23.000Z,21748676446922100000000000
2021-03-18T22:15:19.000Z,21751858004686600000000000
2021-03-19T19:23:06.000Z,21755553180651800000000000
2021-03-20T16:49:39.000Z,21759505586087100000000000
2021-03-21T14:12:45.000Z,21763073817913900000000000
2021-03-22T11:29:18.000Z,21766389913750800000000000
2021-03-23T08:46:59.000Z,21769607113047600000000000
2021-03-24T06:05:16.000Z,21772362987577100000000000
2021-03-25T03:23:41.000Z,21775539179216700000000000
2021-03-26T00:30:55.000Z,21778169782891800000000000
2021-03-26T21:42:05.000Z,21780616218235300000000000
2021-03-27T19:11:17.000Z,21786419732472200000000000
2021-03-28T16:21:23.000Z,21793307434070200000000000
2021-03-29T13:30:25.000Z,21798828087993100000000000
2021-03-30T10:56:19.000Z,21804689768095900000000000
2021-03-31T08:08:28.000Z,21809786735638300000000000
2021-04-01T05:23:07.000Z,21814664588243800000000000
2021-04-02T02:35:50.000Z,21819996274724000000000000
2021-04-03T00:06:31.000Z,21824929764440000000000000
2021-04-03T21:21:52.000Z,21831550335793400000000000
2021-04-04T18:22:43.000Z,21839251745426700000000000
2021-04-05T15:44:15.000Z,21846516346323200000000000
2021-04-06T12:53:11.000Z,21853202747542800000000000
2021-04-07T10:09:28.000Z,21859758863451400000000000
2021-04-08T07:25:42.000Z,21865513669315700000000000
2021-04-09T04:44:11.000Z,21870585679820500000000000
2021-04-10T01:59:38.000Z,21875326255666600000000000
2021-04-10T23:07:58.000Z,21880556567736700000000000
2021-04-11T20:19:05.000Z,21885788517367200000000000
2021-04-12T17:35:47.000Z,21890914156488600000000000
2021-04-13T14:50:31.000Z,21894914397886700000000000
2021-04-14T12:11:11.000Z,21898679076858800000000000
2021-04-15T09:41:23.000Z,21902476763296700000000000
2021-04-16T07:13:41.000Z,21908005402834000000000000
2021-04-17T04:16:11.000Z,21913121319079700000000000
2021-04-18T01:34:39.000Z,21918087654993100000000000
2021-04-18T22:52:55.000Z,21922077594212200000000000
2021-04-19T20:30:41.000Z,21925756694396200000000000
2021-04-20T17:41:14.000Z,21927442777695400000000000
2021-04-21T14:49:45.000Z,21929201234795300000000000
2021-04-22T12:21:08.000Z,21932314288088900000000000
2021-04-23T09:38:36.000Z,21935733605178000000000000
2021-04-24T07:05:34.000Z,21938531369178900000000000
2021-04-25T04:21:28.000Z,21940345086770800000000000
2021-04-26T01:34:35.000Z,21942046341126600000000000
2021-04-26T22:48:07.000Z,21943757666885400000000000
2021-04-27T20:09:39.000Z,21945462250883400000000000
2021-04-28T17:29:10.000Z,21947169301109700000000000
2021-04-29T14:55:22.000Z,21948873396197000000000000
2021-04-30T12:24:20.000Z,21950598302049000000000000
2021-05-01T09:54:18.000Z,21952349860015400000000000
2021-05-02T07:03:54.000Z,21954195949557700000000000
2021-05-03T04:29:36.000Z,21956096392035400000000000
2021-05-04T01:39:13.000Z,21958681789287300000000000
2021-05-04T23:05:00.000Z,21961375694582200000000000
2021-05-05T20:16:36.000Z,21964083783420600000000000
2021-05-06T17:37:39.000Z,21966899171056000000000000
2021-05-07T15:13:58.000Z,21969975373125500000000000
2021-05-08T12:24:23.000Z,21973018464709700000000000
2021-05-09T09:38:29.000Z,21976230411342300000000000
2021-05-10T06:54:57.000Z,21979298422393400000000000
2021-05-11T04:20:26.000Z,21982380889915300000000000
2021-05-12T01:39:13.000Z,21985329482145700000000000
2021-05-12T23:09:05.000Z,21988615956544400000000000
2021-05-13T20:21:26.000Z,21992122115971600000000000
2021-05-14T17:47:01.000Z,21995722739741000000000000
2021-05-15T15:17:11.000Z,21999802619074000000000000
2021-05-16T12:30:26.000Z,22002874718358300000000000
2021-05-17T10:09:41.000Z,22006517312197100000000000
2021-05-18T07:20:34.000Z,22009943801281400000000000
2021-05-19T04:45:08.000Z,22013266393242400000000000
2021-05-20T02:25:22.000Z,22014980421759200000000000
2021-05-20T23:37:23.000Z,22016514898705600000000000
2021-05-21T21:10:55.000Z,22017955536042000000000000
2021-05-22T18:44:25.000Z,22019272430613000000000000
2021-05-23T16:10:25.000Z,22020583662236400000000000
2021-05-24T13:43:50.000Z,22021787690683900000000000
2021-05-25T11:00:45.000Z,22023020545945300000000000
2021-05-26T08:18:15.000Z,22024259208957100000000000
2021-05-27T05:37:46.000Z,22025515644451200000000000
2021-05-28T03:20:12.000Z,22026775113442300000000000
2021-05-29T00:45:33.000Z,22028005089449100000000000
2021-05-29T22:11:01.000Z,22029201275472200000000000
2021-05-30T19:42:45.000Z,22030208519499800000000000
2021-05-31T17:19:07.000Z,22031215040651500000000000
2021-06-01T14:42:07.000Z,22032247440834700000000000
2021-06-02T11:53:38.000Z,22033283949368400000000000
2021-06-03T09:13:16.000Z,22034336519148400000000000
2021-06-04T06:51:49.000Z,22035406412545000000000000
2021-06-05T03:55:44.000Z,22036494302850600000000000
2021-06-06T01:30:32.000Z,22037590535952600000000000
2021-06-06T22:41:48.000Z,22038680735833100000000000
2021-06-07T20:10:29.000Z,22039750853765800000000000
2021-06-08T17:27:21.000Z,22040813717727900000000000
2021-06-09T15:00:38.000Z,22041877696342600000000000
2021-06-10T12:27:24.000Z,22042858063952000000000000
2021-06-11T09:42:25.000Z,22043834364556800000000000
2021-06-12T07:11:23.000Z,22044845021494500000000000
2021-06-13T04:36:29.000Z,22045795026062400000000000
2021-06-14T01:58:33.000Z,22046762012760100000000000
2021-06-14T23:26:29.000Z,22047758437171000000000000
2021-06-15T20:44:48.000Z,22048757976548900000000000
2021-06-16T18:15:36.000Z,22049767752178600000000000
2021-06-17T15:53:35.000Z,22050837009111200000000000
2021-06-18T13:14:45.000Z,22051918522598100000000000
2021-06-19T10:50:22.000Z,22052969295781100000000000
2021-06-20T08:18:01.000Z,22054016754147700000000000
2021-06-21T05:53:14.000Z,22055040035495000000000000
2021-06-22T03:34:56.000Z,22055975476454900000000000
2021-06-23T01:03:43.000Z,22056864340808600000000000
2021-06-23T22:35:29.000Z,22057733784089100000000000
2021-06-24T20:15:26.000Z,22058596939575500000000000
2021-06-25T17:55:55.000Z,22059507486602100000000000
2021-06-26T15:24:23.000Z,22060413769297700000000000
2021-06-27T12:59:41.000Z,22061293574244900000000000
2021-06-28T10:24:24.000Z,22062172575569000000000000
2021-06-29T07:42:08.000Z,22063052528010500000000000
2021-06-30T05:22:54.000Z,22063816863023600000000000
2021-07-01T02:50:10.000Z,22064439929063100000000000
2021-07-02T00:33:15.000Z,22065125964091900000000000
2021-07-02T21:53:15.000Z,22065838758730700000000000
2021-07-03T19:36:53.000Z,22066583285504200000000000
2021-07-04T17:03:37.000Z,22067353243072400000000000
2021-07-05T14:32:38.000Z,22068157624027100000000000
2021-07-06T12:02:54.000Z,22069016024390300000000000
2021-07-07T09:43:05.000Z,22069868319740600000000000
2021-07-08T07:14:44.000Z,22070733804657800000000000
2021-07-09T04:41:18.000Z,22071565936114000000000000
2021-07-10T02:00:53.000Z,22072456332767400000000000
2021-07-10T23:39:56.000Z,22073420020502800000000000
2021-07-11T21:07:10.000Z,22074377211147800000000000
2021-07-12T18:39:19.000Z,22075373733967200000000000
2021-07-13T16:29:24.000Z,22076334507139500000000000
2021-07-14T14:25:42.000Z,22077301323569800000000000
2021-07-15T11:52:18.000Z,22078277356806500000000000
2021-07-16T09:42:02.000Z,22079269584277300000000000
2021-07-17T07:22:38.000Z,22080260236712400000000000
2021-07-18T05:01:35.000Z,22081239930516400000000000
2021-07-19T02:49:04.000Z,22082233819468200000000000
2021-07-20T00:16:28.000Z,22083225894649000000000000
2021-07-20T21:56:45.000Z,22084200528878600000000000
2021-07-21T19:43:21.000Z,22085185794609100000000000
2021-07-22T17:18:08.000Z,22086187043327500000000000
2021-07-23T14:47:52.000Z,22087187564764600000000000
2021-07-24T12:33:13.000Z,22088175551205300000000000
2021-07-25T09:57:30.000Z,22089165779004100000000000
2021-07-26T07:33:44.000Z,22090175405680500000000000
2021-07-27T05:28:12.000Z,22091180024516800000000000
2021-07-28T03:25:12.000Z,22092182336564100000000000
2021-07-29T01:22:58.000Z,22093198442375500000000000
2021-07-29T23:14:03.000Z,22094233986889300000000000
2021-07-30T21:20:11.000Z,22095266572098000000000000
2021-07-31T19:05:24.000Z,22096313144764800000000000
2021-08-01T17:01:28.000Z,22097366548593500000000000
2021-08-02T15:01:01.000Z,22098410227882600000000000
2021-08-03T12:40:22.000Z,22099490136357600000000000
2021-08-04T10:34:32.000Z,22100561839966600000000000
2021-08-05T08:25:23.000Z,22101620949857300000000000
2021-08-06T05:51:40.000Z,22102668430592700000000000
2021-08-07T03:10:55.000Z,22103726136207800000000000
2021-08-08T00:20:37.000Z,22104795602462800000000000
2021-08-08T21:33:41.000Z,22105899828603300000000000
2021-08-09T18:51:31.000Z,22107029573135900000000000
2021-08-10T16:10:27.000Z,22108259411058000000000000
2021-08-11T13:32:53.000Z,22109472966794000000000000
2021-08-12T11:01:01.000Z,22110679087214300000000000
2021-08-13T08:23:36.000Z,22111947290546500000000000
2021-08-14T05:50:25.000Z,22113259130840600000000000
2021-08-15T03:00:47.000Z,22114608124277100000000000
2021-08-16T00:26:10.000Z,22115953615683000000000000
2021-08-16T21:41:08.000Z,22117304616942600000000000
2021-08-17T19:07:22.000Z,22118625406755500000000000
2021-08-18T16:26:03.000Z,22120025501423500000000000
2021-08-19T13:41:18.000Z,22121460609583700000000000
2021-08-20T11:12:39.000Z,22122871595985600000000000
2021-08-21T08:24:57.000Z,22124346238896100000000000
2021-08-22T05:46:06.000Z,22125845677357000000000000
2021-08-23T03:04:51.000Z,22127372059774000000000000
2021-08-24T00:33:59.000Z,22128929955415500000000000
2021-08-24T21:45:03.000Z,22130504134283200000000000
2021-08-25T19:24:08.000Z,22132073858405800000000000
2021-08-26T16:34:59.000Z,22133702046394500000000000
2021-08-27T14:14:43.000Z,22135339500389400000000000
2021-08-28T11:36:10.000Z,22136975192684100000000000
2021-08-29T08:47:38.000Z,22138596733521100000000000
2021-08-30T06:07:40.000Z,22140247779272200000000000
2021-08-31T03:29:47.000Z,22141915942224300000000000
2021-09-01T00:58:48.000Z,22143570590170200000000000
2021-09-01T22:26:23.000Z,22145237559340800000000000
2021-09-02T19:37:45.000Z,22147145079369200000000000
2021-09-03T16:59:34.000Z,22149361475265400000000000
2021-09-04T14:24:56.000Z,22151771138804100000000000
2021-09-05T11:42:29.000Z,22153734036340600000000000
2021-09-06T08:58:27.000Z,22155616707829300000000000
2021-09-07T06:19:54.000Z,22158178316523600000000000
2021-09-08T03:51:52.000Z,22160801737722900000000000
2021-09-09T01:07:21.000Z,22162515775631700000000000
2021-09-09T22:29:23.000Z,22164152813366300000000000
2021-09-10T19:55:45.000Z,22165791303139700000000000
2021-09-11T17:26:28.000Z,22167415556234300000000000
2021-09-12T14:42:13.000Z,22169039575195900000000000
2021-09-13T12:20:35.000Z,22170667859368100000000000
2021-09-14T09:44:26.000Z,22172334012969800000000000
2021-09-15T07:07:38.000Z,22173914899597300000000000
2021-09-16T04:25:30.000Z,22175694450647800000000000
2021-09-17T01:42:21.000Z,22177459164139300000000000
2021-09-17T23:10:14.000Z,22179321018943200000000000
2021-09-18T20:38:22.000Z,22181254106986800000000000
2021-09-19T17:57:47.000Z,22183239516284700000000000
2021-09-20T15:23:50.000Z,22185188483401100000000000
2021-09-21T12:35:55.000Z,22187098835438200000000000
2021-09-22T09:59:51.000Z,22189135673905600000000000
2021-09-23T07:38:03.000Z,22191511622514000000000000
2021-09-24T04:47:15.000Z,22193997265432900000000000
2021-09-25T02:21:47.000Z,22196429172875800000000000
2021-09-25T23:27:02.000Z,22198670848192200000000000
2021-09-26T21:02:43.000Z,22200805227955500000000000
2021-09-27T18:35:02.000Z,22202973868289300000000000
2021-09-28T16:12:32.000Z,22205364658653800000000000
2021-09-29T13:45:46.000Z,22207597788884800000000000
2021-09-30T11:13:51.000Z,22210151364316700000000000
2021-10-01T09:02:50.000Z,22213046263149200000000000
2021-10-02T06:32:19.000Z,22216008191913900000000000
2021-10-03T04:10:43.000Z,22218951941364500000000000
2021-10-04T01:47:20.000Z,22221141890273200000000000
2021-10-04T23:28:29.000Z,22223555445869400000000000
2021-10-05T20:59:20.000Z,22225810351653700000000000
2021-10-06T18:40:07.000Z,22228441915688900000000000
2021-10-07T16:19:45.000Z,22231447179456900000000000
2021-10-08T13:57:25.000Z,22234260058559400000000000
2021-10-09T11:46:44.000Z,22236032695138800000000000
2021-10-10T09:32:42.000Z,22237760957376900000000000
2021-10-11T07:04:57.000Z,22239480159849300000000000
2021-10-12T04:49:22.000Z,22241199960015600000000000
2021-10-13T02:25:40.000Z,22242941383209100000000000
2021-10-14T00:20:54.000Z,22245040769286600000000000
2021-10-14T22:17:17.000Z,22247114129434500000000000
2021-10-15T20:09:20.000Z,22249477315703600000000000
2021-10-16T17:40:18.000Z,22252278810765200000000000
2021-10-17T15:23:02.000Z,22255277558215200000000000
2021-10-18T13:00:44.000Z,22258462645022600000000000
2021-10-19T10:37:37.000Z,22262522300932300000000000
2021-10-20T08:14:52.000Z,22266564016602800000000000
2021-10-21T05:48:22.000Z,22270556908957900000000000
2021-10-22T03:11:14.000Z,22274950645442300000000000
2021-10-23T00:46:36.000Z,22278409188942100000000000
2021-10-23T22:30:08.000Z,22281080233212900000000000
2021-10-24T20:27:15.000Z,22283722408332100000000000
2021-10-25T17:50:07.000Z,22286719557320500000000000
2021-10-26T15:29:38.000Z,22289623669619400000000000
2021-10-27T13:05:04.000Z,22292629255567900000000000
2021-10-28T10:59:13.000Z,22295419845326400000000000
2021-10-29T08:37:25.000Z,22298794251978400000000000
2021-10-30T06:12:47.000Z,22303292043115100000000000
2021-10-31T04:03:42.000Z,22308353962282600000000000
2021-11-01T01:53:09.000Z,22313283891205000000000000
2021-11-01T23:21:42.000Z,22317773631239400000000000
2021-11-02T21:21:22.000Z,22321532365231400000000000
2021-11-03T18:59:36.000Z,22325063312224300000000000
2021-11-04T16:54:59.000Z,22328214345847300000000000
2021-11-05T14:35:43.000Z,22330594372610800000000000
2021-11-06T12:17:57.000Z,22333122072559400000000000
2021-11-07T09:50:49.000Z,22335042400443500000000000
2021-11-08T07:19:15.000Z,22336873442236800000000000
2021-11-09T04:59:58.000Z,22338670222138500000000000
2021-11-10T02:54:18.000Z,22340666649032500000000000
2021-11-11T00:28:50.000Z,22342446544930000000000000
2021-11-11T22:09:20.000Z,22344374437959900000000000
2021-11-12T19:39:23.000Z,22346402407133800000000000
2021-11-13T17:33:21.000Z,22348471561546700000000000
2021-11-14T15:26:47.000Z,22350509321906900000000000
2021-11-15T13:15:41.000Z,22352503461149400000000000
2021-11-16T11:17:35.000Z,22354715439233800000000000
2021-11-17T09:07:00.000Z,22356576741168100000000000
2021-11-18T06:48:27.000Z,22359275813478500000000000
2021-11-19T04:25:26.000Z,22361099454384800000000000
2021-11-20T02:38:42.000Z,22362782025862200000000000
2021-11-21T00:37:05.000Z,22364436717325100000000000
2021-11-21T22:36:02.000Z,22366037267354000000000000
2021-11-22T20:26:18.000Z,22367658550641600000000000
2021-11-23T18:11:47.000Z,22369262649743800000000000
2021-11-24T16:01:43.000Z,22370815895672900000000000
2021-11-25T14:00:44.000Z,22372327293948100000000000
2021-11-26T12:11:44.000Z,22373845562818200000000000
2021-11-27T09:49:53.000Z,22375346774727600000000000
2021-11-28T07:48:59.000Z,22376836208356300000000000
2021-11-29T06:03:13.000Z,22378344272341300000000000
2021-11-30T04:11:14.000Z,22379922185727300000000000
2021-12-01T02:19:16.000Z,22381578442922500000000000
2021-12-02T00:24:48.000Z,22383178891729400000000000
2021-12-02T22:36:00.000Z,22384820482959000000000000
2021-12-03T20:40:58.000Z,22386454646035300000000000
2021-12-04T19:00:57.000Z,22388070976520900000000000
2021-12-05T17:03:44.000Z,22389657572404400000000000
2021-12-06T15:08:39.000Z,22391201223185800000000000
2021-12-07T13:22:29.000Z,22392698774418000000000000
2021-12-08T11:21:34.000Z,22394203958921400000000000
2021-12-09T09:32:15.000Z,22395685033024200000000000
2021-12-10T07:34:11.000Z,22397203001765700000000000
2021-12-11T04:43:18.000Z,22398654676476000000000000
2021-12-12T02:08:36.000Z,22400093393134300000000000
2021-12-12T23:19:12.000Z,22401480393276200000000000
2021-12-13T20:35:48.000Z,22402918432861100000000000
2021-12-14T18:13:40.000Z,22404285044088900000000000
2021-12-15T15:40:16.000Z,22405665058853300000000000
2021-12-16T13:07:42.000Z,22407011174619000000000000
2021-12-17T10:27:43.000Z,22408348519159300000000000
2021-12-18T07:51:50.000Z,22409685587192600000000000
2021-12-19T05:24:03.000Z,22411062517394800000000000
2021-12-20T02:34:54.000Z,22412512282625100000000000
2021-12-20T23:44:32.000Z,22413957882254900000000000
2021-12-21T21:13:26.000Z,22415396535712000000000000
2021-12-22T18:46:49.000Z,22416920496034400000000000
2021-12-23T16:12:55.000Z,22418478013556700000000000
2021-12-24T13:35:07.000Z,22420140372825600000000000
2021-12-25T11:07:09.000Z,22421761741254800000000000
2021-12-26T08:27:30.000Z,22423351277682400000000000
2021-12-27T05:44:53.000Z,22424930151254100000000000
2021-12-28T03:08:49.000Z,22426533564537900000000000
2021-12-29T00:35:38.000Z,22428202593808300000000000
2021-12-29T21:47:01.000Z,22429858511753200000000000
2021-12-30T19:18:25.000Z,22431502918616400000000000
2021-12-31T16:50:50.000Z,22433107098745400000000000
2022-01-01T14:15:26.000Z,22434798731198500000000000
2022-01-02T11:51:42.000Z,22436440082443900000000000
2022-01-03T08:52:55.000Z,22438094757908900000000000
2022-01-04T06:16:09.000Z,22439703627632000000000000
2022-01-05T03:35:22.000Z,22441429908471900000000000
2022-01-06T00:59:48.000Z,22443162580138500000000000
2022-01-06T22:37:53.000Z,22444896507803500000000000
2022-01-07T20:08:57.000Z,22446523158472700000000000
2022-01-08T17:28:22.000Z,22448109822273800000000000
2022-01-09T14:30:43.000Z,22449630491802800000000000
2022-01-10T11:59:51.000Z,22451185502912700000000000
2022-01-11T09:32:01.000Z,22452751704051700000000000
2022-01-12T06:41:22.000Z,22454297087251100000000000
2022-01-13T04:03:33.000Z,22455873930842900000000000
2022-01-14T01:34:01.000Z,22457288258856700000000000
2022-01-14T22:54:27.000Z,22459079034206200000000000
2022-01-15T20:27:06.000Z,22460689822622400000000000
2022-01-16T17:38:20.000Z,22462234753818500000000000
2022-01-17T15:01:15.000Z,22463909399905900000000000
2022-01-18T12:25:52.000Z,22465513316582200000000000
2022-01-19T09:46:28.000Z,22467085451676800000000000
2022-01-20T07:16:16.000Z,22468623926702900000000000
2022-01-21T04:17:45.000Z,22470241800371500000000000
2022-01-22T01:57:50.000Z,22471716273286500000000000
2022-01-22T23:06:33.000Z,22473050265371700000000000
2022-01-23T20:20:57.000Z,22474217889813500000000000
2022-01-24T17:52:21.000Z,22475362952062500000000000
2022-01-25T15:34:07.000Z,22476446606220600000000000
2022-01-26T12:47:31.000Z,22477577468010600000000000
2022-01-27T10:11:30.000Z,22478733725679900000000000
2022-01-28T07:35:35.000Z,22479806455543600000000000
2022-01-29T04:48:49.000Z,22481001841989200000000000
2022-01-30T02:11:13.000Z,22482205399344300000000000
2022-01-30T23:22:13.000Z,22483343691670400000000000
2022-01-31T20:42:07.000Z,22484549410163500000000000
2022-02-01T18:09:51.000Z,22485793267264400000000000
2022-02-02T15:21:21.000Z,22487023659819700000000000
2022-02-03T13:02:44.000Z,22488255219217700000000000
2022-02-04T10:21:26.000Z,22489306002869100000000000
2022-02-05T07:40:07.000Z,22490329068700600000000000
2022-02-06T04:59:56.000Z,22491333225074200000000000
2022-02-07T02:11:55.000Z,22492377683685300000000000
2022-02-07T23:33:29.000Z,22493296736355800000000000
2022-02-08T21:06:04.000Z,22494253492007800000000000
2022-02-09T18:29:31.000Z,22495115761015300000000000
2022-02-10T15:53:28.000Z,22496060104662700000000000
2022-02-11T13:24:22.000Z,22497038690608000000000000
2022-02-12T10:45:19.000Z,22497984208769500000000000
2022-02-13T07:41:46.000Z,22498879468104400000000000
2022-02-14T05:13:26.000Z,22499786342197300000000000
2022-02-15T02:37:01.000Z,22500684299730700000000000
2022-02-15T23:49:19.000Z,22501576746511600000000000
2022-02-16T21:18:35.000Z,22502404033502600000000000
2022-02-17T18:39:43.000Z,22503330838807100000000000
2022-02-18T16:10:24.000Z,22504187992414200000000000
2022-02-19T13:48:23.000Z,22505040362044600000000000
2022-02-20T11:14:29.000Z,22505896365633500000000000
2022-02-21T08:36:01.000Z,22506697791288300000000000
2022-02-22T05:57:07.000Z,22507493293184500000000000
2022-02-23T03:14:02.000Z,22508248824914100000000000
2022-02-24T00:39:23.000Z,22509011543848300000000000
2022-02-24T22:01:11.000Z,22509748419175400000000000
2022-02-25T19:32:03.000Z,22510506260842200000000000
2022-02-26T16:55:47.000Z,22511335100132200000000000
2022-02-27T14:16:57.000Z,22512149327735400000000000
2022-02-28T11:45:54.000Z,22512977077678800000000000
2022-03-01T09:07:41.000Z,22513848423428800000000000
2022-03-02T06:23:52.000Z,22514719761059200000000000
2022-03-03T03:56:02.000Z,22515603152901600000000000
2022-03-04T01:22:05.000Z,22516491502730700000000000
2022-03-04T22:42:42.000Z,22517464285334900000000000
2022-03-05T20:18:32.000Z,22518575999521900000000000
2022-03-06T17:51:06.000Z,22519684760738100000000000
2022-03-07T15:29:39.000Z,22520769684759800000000000
2022-03-08T12:45:03.000Z,22521854214271600000000000
2022-03-09T10:29:33.000Z,22522920555954000000000000
2022-03-10T07:36:47.000Z,22524010084556700000000000
2022-03-11T04:58:15.000Z,22525068310023600000000000
2022-03-12T02:41:11.000Z,22526131617226000000000000
2022-03-13T00:03:17.000Z,22527188037347300000000000
2022-03-13T21:55:22.000Z,22528234716431600000000000
2022-03-14T19:24:39.000Z,22529290985451000000000000
2022-03-15T16:47:44.000Z,22530366437740400000000000
2022-03-16T14:23:46.000Z,22531445828092400000000000
2022-03-17T11:56:39.000Z,22532516337783100000000000
2022-03-18T09:31:08.000Z,22533570187770500000000000
2022-03-19T06:59:01.000Z,22534630431578600000000000
2022-03-20T04:42:38.000Z,22535585662342600000000000
2022-03-21T01:56:50.000Z,22536549476734700000000000
2022-03-21T23:39:40.000Z,22537551728496700000000000
2022-03-22T21:04:26.000Z,22538547055132000000000000
2022-03-23T18:34:33.000Z,22539551478517300000000000
2022-03-24T16:03:27.000Z,22540574665611400000000000
2022-03-25T13:31:09.000Z,22541587315224200000000000
2022-03-26T11:08:40.000Z,22542659474760500000000000
2022-03-27T08:48:37.000Z,22543741839689400000000000
2022-03-28T06:11:59.000Z,22544840191739100000000000
2022-03-29T03:45:39.000Z,22545930683284200000000000
2022-03-30T01:07:18.000Z,22547098862056100000000000
2022-03-30T22:45:59.000Z,22548381468333000000000000
2022-03-31T20:17:22.000Z,22549732291994500000000000
2022-04-01T17:45:44.000Z,22551095617995300000000000
2022-04-02T15:36:16.000Z,22552447478991300000000000
2022-04-03T13:10:14.000Z,22553835504505400000000000
2022-04-04T10:47:35.000Z,22555227429346900000000000
2022-04-05T08:31:59.000Z,22556604853391900000000000
2022-04-06T05:54:58.000Z,22557936565863600000000000
2022-04-07T03:33:29.000Z,22559324749665600000000000
2022-04-08T01:03:19.000Z,22560715076610800000000000
2022-04-08T22:47:51.000Z,22561974294423600000000000
2022-04-09T20:15:59.000Z,22563182812139300000000000
2022-04-10T17:57:18.000Z,22564427940625100000000000
2022-04-11T15:17:03.000Z,22565661980907000000000000
2022-04-12T13:19:55.000Z,22566840289313800000000000
2022-04-13T10:46:21.000Z,22568094362110400000000000
2022-04-14T08:22:20.000Z,22569402574373600000000000
2022-04-15T05:53:36.000Z,22570683537408300000000000
2022-04-16T03:27:50.000Z,22571974164861900000000000
2022-04-17T00:52:57.000Z,22573253900543400000000000
2022-04-17T22:39:29.000Z,22574530729795700000000000
2022-04-18T20:16:16.000Z,22575814400371600000000000
2022-04-19T17:44:45.000Z,22577100203298500000000000
2022-04-20T15:42:47.000Z,22578400902752700000000000
2022-04-21T13:19:22.000Z,22579662990198900000000000
2022-04-22T11:03:15.000Z,22580947119757100000000000
2022-04-23T08:40:47.000Z,22582246462649300000000000
2022-04-24T06:10:39.000Z,22583511934717700000000000
2022-04-25T03:56:47.000Z,22584768141552100000000000
2022-04-26T01:45:18.000Z,22585956894883500000000000
2022-04-26T23:34:58.000Z,22587172743431500000000000
2022-04-27T21:14:52.000Z,22588335519997400000000000
2022-04-28T19:05:49.000Z,22589348082693600000000000
2022-04-29T16:48:34.000Z,22590288815014700000000000
2022-04-30T14:30:34.000Z,22591221072787600000000000
2022-05-01T12:11:03.000Z,22592130325190600000000000
2022-05-02T09:54:51.000Z,22593030629086100000000000
2022-05-03T07:44:30.000Z,22593928735122800000000000
2022-05-04T05:44:42.000Z,22594805692008300000000000
2022-05-05T03:35:49.000Z,22595700419374300000000000
2022-05-06T01:41:48.000Z,22596610294790200000000000
2022-05-06T23:29:59.000Z,22597399181109900000000000
2022-05-07T21:35:29.000Z,22598114985336300000000000
2022-05-08T19:34:33.000Z,22598810247150600000000000
2022-05-09T17:42:08.000Z,22599444633734500000000000
2022-05-10T15:53:55.000Z,22600004639122100000000000
2022-05-11T13:59:08.000Z,22600487495913400000000000
2022-05-12T12:08:53.000Z,22600757927408700000000000
2022-05-13T10:16:15.000Z,22601060529607000000000000
2022-05-14T08:21:25.000Z,22601353337395400000000000
2022-05-15T06:00:03.000Z,22601693132633300000000000
2022-05-16T03:59:31.000Z,22602039420170000000000000
2022-05-17T01:55:42.000Z,22602416065993000000000000
2022-05-18T00:02:45.000Z,22602830760578100000000000
2022-05-18T22:05:16.000Z,22603278845756300000000000
2022-05-19T20:48:37.000Z,22603720513567200000000000
2022-05-20T19:13:49.000Z,22604184497447100000000000
2022-05-21T17:35:20.000Z,22604632359873900000000000
2022-05-22T16:13:26.000Z,22605117018772600000000000
2022-05-23T14:31:33.000Z,22605615813900900000000000
2022-05-24T12:55:44.000Z,22606113599638300000000000
2022-05-25T11:32:53.000Z,22606579829261400000000000
2022-05-26T10:16:32.000Z,22607047468427000000000000
2022-05-27T08:39:48.000Z,22607488008354700000000000
2022-05-28T07:12:44.000Z,22607880758688000000000000
2022-05-29T05:22:06.000Z,22608250112885100000000000
2022-05-30T04:07:58.000Z,22608638264435600000000000
2022-05-31T02:25:20.000Z,22609019795342900000000000
2022-06-01T01:08:45.000Z,22609424376845200000000000
2022-06-01T23:42:51.000Z,22609845357302900000000000
2022-06-02T22:12:30.000Z,22610264623066400000000000
2022-06-03T20:44:50.000Z,22610679549215100000000000
2022-06-04T19:49:58.000Z,22611099908035200000000000
2022-06-05T19:22:07.000Z,22611516423727600000000000
2022-06-06T18:58:17.000Z,22611921545252600000000000
2022-06-07T18:20:04.000Z,22612321848065900000000000
2022-06-08T17:48:51.000Z,22612713644623500000000000
2022-06-09T17:29:32.000Z,22613128722991100000000000
2022-06-10T16:52:24.000Z,22613530875865800000000000
2022-06-11T16:41:54.000Z,22613935599910300000000000
2022-06-12T16:14:21.000Z,22614325891188400000000000
2022-06-13T16:04:59.000Z,22614670168379200000000000
2022-06-14T16:13:40.000Z,22614992041030400000000000
2022-06-15T16:05:16.000Z,22615334115784800000000000
